{
  "mean": [
    0.0
  ],
  "std": [
    0.23488400974123477
  ],
  "intercept": -6.285378519249064e-19,
  "coef": [
    1.7210718064198254
  ]
}