{
  "mean": [
    0.0,
    0.0,
    0.0,
    0.0,
    0.0,
    0.0,
    0.0,
    0.0,
    0.0,
    0.0,
    0.0,
    0.0,
    0.0,
    0.0,
    0.0,
    6.121509800295858,
    7.635678624260355,
    0.5
  ],
  "std": [
    4.063151404306702,
    1.9896064067664623,
    1.3282114703838284,
    0.18799833179641767,
    0.16802633907718476,
    0.1556181981357738,
    0.1927259629532177,
    0.19254079459241646,
    0.4838577492488303,
    3.074533326785513,
    0.7972365826020864,
    4.0106874604393505,
    0.8052848737003886,
    3.3634678607496546,
    2.2700047571829307,
    3.674688225727831,
    3.7750628401410906,
    0.5
  ],
  "intercept": -0.0010212796285018577,
  "coef": [
    4.005873924701066,
    -2.4115030911493895,
    -3.268366264517347,
    -0.00853572795805171,
    0.2741456693059766,
    0.6482848089633202,
    0.18896403774963708,
    0.6499541958250378,
    0.6342874085359045,
    0.580691284926545,
    -1.2034501231261783,
    0.5925935200179976,
    -1.5049497426649103,
    0.04107383076958837,
    -0.2976733770993099,
    0.008917847449470983,
    -0.007831205573170363,
    0.024604788667908172
  ]
}